<?xml version="1.0" encoding="UTF-8"?>
<GenRun Id="impl_1" LaunchPart="xc7vx485tffg1157-1" LaunchTime="1701616440">
  <File Type="ROUTE-PWR" Name="ParteControle_power_routed.rpt"/>
  <File Type="PA-TCL" Name="ParteControle.tcl"/>
  <File Type="BITSTR-MMI" Name="ParteControle.mmi"/>
  <File Type="OPT-METHODOLOGY-DRC" Name="ParteControle_methodology_drc_opted.rpt"/>
  <File Type="INIT-TIMING" Name="ParteControle_timing_summary_init.rpt"/>
  <File Type="ROUTE-PWR-SUM" Name="ParteControle_power_summary_routed.pb"/>
  <File Type="REPORTS-TCL" Name="ParteControle_reports.tcl"/>
  <File Type="OPT-TIMING" Name="ParteControle_timing_summary_opted.rpt"/>
  <File Type="OPT-DCP" Name="ParteControle_opt.dcp"/>
  <File Type="OPT-DRC" Name="ParteControle_drc_opted.rpt"/>
  <File Type="OPT-HWDEF" Name="ParteControle.hwdef"/>
  <File Type="PWROPT-DCP" Name="ParteControle_pwropt.dcp"/>
  <File Type="PWROPT-DRC" Name="ParteControle_drc_pwropted.rpt"/>
  <File Type="PWROPT-TIMING" Name="ParteControle_timing_summary_pwropted.rpt"/>
  <File Type="PLACE-DCP" Name="ParteControle_placed.dcp"/>
  <File Type="PLACE-IO" Name="ParteControle_io_placed.rpt"/>
  <File Type="PLACE-CLK" Name="ParteControle_clock_utilization_placed.rpt"/>
  <File Type="PLACE-UTIL" Name="ParteControle_utilization_placed.rpt"/>
  <File Type="PLACE-UTIL-PB" Name="ParteControle_utilization_placed.pb"/>
  <File Type="PLACE-CTRL" Name="ParteControle_control_sets_placed.rpt"/>
  <File Type="PLACE-SIMILARITY" Name="ParteControle_incremental_reuse_placed.rpt"/>
  <File Type="PLACE-PRE-SIMILARITY" Name="ParteControle_incremental_reuse_pre_placed.rpt"/>
  <File Type="BG-BIN" Name="ParteControle.bin"/>
  <File Type="PLACE-TIMING" Name="ParteControle_timing_summary_placed.rpt"/>
  <File Type="POSTPLACE-PWROPT-DCP" Name="ParteControle_postplace_pwropt.dcp"/>
  <File Type="BITSTR-MSK" Name="ParteControle.msk"/>
  <File Type="POSTPLACE-PWROPT-TIMING" Name="ParteControle_timing_summary_postplace_pwropted.rpt"/>
  <File Type="PHYSOPT-DCP" Name="ParteControle_physopt.dcp"/>
  <File Type="PHYSOPT-DRC" Name="ParteControle_drc_physopted.rpt"/>
  <File Type="BITSTR-RBT" Name="ParteControle.rbt"/>
  <File Type="PHYSOPT-TIMING" Name="ParteControle_timing_summary_physopted.rpt"/>
  <File Type="ROUTE-ERROR-DCP" Name="ParteControle_routed_error.dcp"/>
  <File Type="ROUTE-DCP" Name="ParteControle_routed.dcp"/>
  <File Type="ROUTE-BLACKBOX-DCP" Name="ParteControle_routed_bb.dcp"/>
  <File Type="ROUTE-DRC" Name="ParteControle_drc_routed.rpt"/>
  <File Type="ROUTE-DRC-PB" Name="ParteControle_drc_routed.pb"/>
  <File Type="ROUTE-DRC-RPX" Name="ParteControle_drc_routed.rpx"/>
  <File Type="ROUTE-METHODOLOGY-DRC" Name="ParteControle_methodology_drc_routed.rpt"/>
  <File Type="ROUTE-METHODOLOGY-DRC-RPX" Name="ParteControle_methodology_drc_routed.rpx"/>
  <File Type="ROUTE-METHODOLOGY-DRC-PB" Name="ParteControle_methodology_drc_routed.pb"/>
  <File Type="ROUTE-PWR-RPX" Name="ParteControle_power_routed.rpx"/>
  <File Type="ROUTE-STATUS" Name="ParteControle_route_status.rpt"/>
  <File Type="ROUTE-STATUS-PB" Name="ParteControle_route_status.pb"/>
  <File Type="ROUTE-TIMINGSUMMARY" Name="ParteControle_timing_summary_routed.rpt"/>
  <File Type="ROUTE-TIMING-PB" Name="ParteControle_timing_summary_routed.pb"/>
  <File Type="ROUTE-TIMING-RPX" Name="ParteControle_timing_summary_routed.rpx"/>
  <File Type="ROUTE-SIMILARITY" Name="ParteControle_incremental_reuse_routed.rpt"/>
  <File Type="ROUTE-CLK" Name="ParteControle_clock_utilization_routed.rpt"/>
  <File Type="ROUTE-BUS-SKEW" Name="ParteControle_bus_skew_routed.rpt"/>
  <File Type="ROUTE-BUS-SKEW-PB" Name="ParteControle_bus_skew_routed.pb"/>
  <File Type="ROUTE-BUS-SKEW-RPX" Name="ParteControle_bus_skew_routed.rpx"/>
  <File Type="POSTROUTE-PHYSOPT-DCP" Name="ParteControle_postroute_physopt.dcp"/>
  <File Type="POSTROUTE-PHYSOPT-BLACKBOX-DCP" Name="ParteControle_postroute_physopt_bb.dcp"/>
  <File Type="POSTROUTE-PHYSOPT-TIMING" Name="ParteControle_timing_summary_postroute_physopted.rpt"/>
  <File Type="POSTROUTE-PHYSOPT-TIMING-PB" Name="ParteControle_timing_summary_postroute_physopted.pb"/>
  <File Type="POSTROUTE-PHYSOPT-TIMING-RPX" Name="ParteControle_timing_summary_postroute_physopted.rpx"/>
  <File Type="POSTROUTE-PHYSOPT-BUS-SKEW" Name="ParteControle_bus_skew_postroute_physopted.rpt"/>
  <File Type="BG-BIT" Name="ParteControle.bit"/>
  <File Type="POSTROUTE-PHYSOPT-BUS-SKEW-PB" Name="ParteControle_bus_skew_postroute_physopted.pb"/>
  <File Type="POSTROUTE-PHYSOPT-BUS-SKEW-RPX" Name="ParteControle_bus_skew_postroute_physopted.rpx"/>
  <File Type="BITSTR-NKY" Name="ParteControle.nky"/>
  <File Type="BITSTR-BMM" Name="ParteControle_bd.bmm"/>
  <File Type="PDI-FILE" Name="ParteControle.pdi"/>
  <File Type="RCFI_FILE" Name="ParteControle.rcfi"/>
  <File Type="CFI_FILE" Name="ParteControle.cfi"/>
  <File Type="RNPI_FILE" Name="ParteControle.rnpi"/>
  <File Type="NPI_FILE" Name="ParteControle.npi"/>
  <File Type="RBD_FILE" Name="ParteControle.rbd"/>
  <File Type="BITSTR-LTX" Name="debug_nets.ltx"/>
  <File Type="BITSTR-LTX" Name="ParteControle.ltx"/>
  <File Type="BITSTR-SYSDEF" Name="ParteControle.sysdef"/>
  <File Type="BG-BGN" Name="ParteControle.bgn"/>
  <File Type="BG-DRC" Name="ParteControle.drc"/>
  <File Type="RDI-RDI" Name="ParteControle.vdi"/>
  <File Type="WBT-USG" Name="usage_statistics_webtalk.html"/>
  <File Type="ROUTE-RQS" Name="ParteControle_routed.rqs"/>
  <File Type="POSTROUTE-PHYSOPT-RQS" Name="ParteControle_postroute_physopted.rqs"/>
  <File Type="ROUTE-RQS-RPT" Name="route_report_qor_suggestions_0.rpt"/>
  <File Type="POSTROUTE-PHYSOPT-RQS-RPT" Name="postroute_physopt_report_qor_suggestions_0.rpt"/>
  <FileSet Name="sources" Type="DesignSrcs" RelSrcDir="$PSRCDIR/sources_1" RelGenDir="$PGENDIR/sources_1">
    <Filter Type="Srcs"/>
    <File Path="$PSRCDIR/sources_1/new/ParteControle.vhd">
      <FileInfo>
        <Attr Name="UsedIn" Val="synthesis"/>
        <Attr Name="UsedIn" Val="simulation"/>
      </FileInfo>
    </File>
    <File Path="$PSRCDIR/sources_1/new/ParteOperativa.vhd">
      <FileInfo>
        <Attr Name="AutoDisabled" Val="1"/>
        <Attr Name="UsedIn" Val="synthesis"/>
        <Attr Name="UsedIn" Val="simulation"/>
      </FileInfo>
    </File>
    <Config>
      <Option Name="DesignMode" Val="RTL"/>
      <Option Name="TopModule" Val="ParteControle"/>
      <Option Name="TopAutoSet" Val="TRUE"/>
    </Config>
  </FileSet>
  <FileSet Name="constrs_in" Type="Constrs" RelSrcDir="$PSRCDIR/constrs_1">
    <Filter Type="Constrs"/>
    <Config>
      <Option Name="ConstrsType" Val="XDC"/>
    </Config>
  </FileSet>
  <FileSet Name="utils" Type="Utils" RelSrcDir="$PSRCDIR/utils_1">
    <Filter Type="Utils"/>
    <File Path="$PSRCDIR/utils_1/imports/synth_1/ParteOperativa.dcp">
      <FileInfo>
        <Attr Name="UsedIn" Val="synthesis"/>
        <Attr Name="UsedIn" Val="implementation"/>
        <Attr Name="UsedInSteps" Val="synth_1"/>
        <Attr Name="AutoDcp" Val="1"/>
      </FileInfo>
    </File>
    <Config>
      <Option Name="TopAutoSet" Val="TRUE"/>
    </Config>
  </FileSet>
  <Strategy Version="1" Minor="2">
    <StratHandle Name="Vivado Implementation Defaults" Flow="Vivado Implementation 2022"/>
    <Step Id="init_design"/>
    <Step Id="opt_design"/>
    <Step Id="power_opt_design"/>
    <Step Id="place_design"/>
    <Step Id="post_place_power_opt_design"/>
    <Step Id="phys_opt_design"/>
    <Step Id="route_design"/>
    <Step Id="post_route_phys_opt_design"/>
    <Step Id="write_bitstream"/>
  </Strategy>
</GenRun>
