<?xml version="1.0" encoding="UTF-8"?>
<GenRun Id="synth_1" LaunchPart="xc7a100ticsg324-1L" LaunchTime="1736088990">
  <File Type="PA-TCL" Name="ADC_RX_Test_wrapper.tcl"/>
  <File Type="RDS-PROPCONSTRS" Name="ADC_RX_Test_wrapper_drc_synth.rpt"/>
  <File Type="REPORTS-TCL" Name="ADC_RX_Test_wrapper_reports.tcl"/>
  <File Type="RDS-RDS" Name="ADC_RX_Test_wrapper.vds"/>
  <File Type="RDS-UTIL" Name="ADC_RX_Test_wrapper_utilization_synth.rpt"/>
  <File Type="RDS-UTIL-PB" Name="ADC_RX_Test_wrapper_utilization_synth.pb"/>
  <File Type="RDS-DCP" Name="ADC_RX_Test_wrapper.dcp"/>
  <File Type="VDS-TIMINGSUMMARY" Name="ADC_RX_Test_wrapper_timing_summary_synth.rpt"/>
  <File Type="VDS-TIMING-PB" Name="ADC_RX_Test_wrapper_timing_summary_synth.pb"/>
  <FileSet Name="sources" Type="DesignSrcs" RelSrcDir="$PSRCDIR/sources_1">
    <Filter Type="Srcs"/>
    <File Path="$PSRCDIR/sources_1/new/spi.vhd">
      <FileInfo>
        <Attr Name="UsedIn" Val="synthesis"/>
        <Attr Name="UsedIn" Val="simulation"/>
      </FileInfo>
    </File>
    <File Path="$PSRCDIR/sources_1/new/uart_adc.vhd">
      <FileInfo>
        <Attr Name="UsedIn" Val="synthesis"/>
        <Attr Name="UsedIn" Val="simulation"/>
      </FileInfo>
    </File>
    <File Path="$PSRCDIR/sources_1/bd/ADC_RX_Test/ADC_RX_Test.bd">
      <FileInfo>
        <Attr Name="UsedIn" Val="synthesis"/>
        <Attr Name="UsedIn" Val="implementation"/>
        <Attr Name="UsedIn" Val="simulation"/>
      </FileInfo>
    </File>
    <File Path="$PSRCDIR/sources_1/bd/ADC_RX_Test/hdl/ADC_RX_Test_wrapper.vhd">
      <FileInfo>
        <Attr Name="UsedIn" Val="synthesis"/>
        <Attr Name="UsedIn" Val="simulation"/>
      </FileInfo>
    </File>
    <Config>
      <Option Name="DesignMode" Val="RTL"/>
      <Option Name="TopModule" Val="ADC_RX_Test_wrapper"/>
      <Option Name="TopAutoSet" Val="TRUE"/>
    </Config>
  </FileSet>
  <FileSet Name="constrs_in" Type="Constrs" RelSrcDir="$PSRCDIR/constrs_1">
    <Filter Type="Constrs"/>
    <Config>
      <Option Name="ConstrsType" Val="XDC"/>
    </Config>
  </FileSet>
  <FileSet Name="utils" Type="Utils" RelSrcDir="$PSRCDIR/utils_1">
    <Filter Type="Utils"/>
    <Config>
      <Option Name="TopAutoSet" Val="TRUE"/>
    </Config>
  </FileSet>
  <Strategy Version="1" Minor="2">
    <StratHandle Name="Vivado Synthesis Defaults" Flow="Vivado Synthesis 2019"/>
    <Step Id="synth_design"/>
  </Strategy>
  <BlockFileSet Type="BlockSrcs" Name="ADC_RX_Test_spi_0_0"/>
  <BlockFileSet Type="BlockSrcs" Name="ADC_RX_Test_ila_0_0"/>
  <BlockFileSet Type="BlockSrcs" Name="ADC_RX_Test_uart_adc_0_0"/>
</GenRun>
